,Loan_ID,Gender,Married,Dependents,Education,Self_Employed,ApplicantIncome,CoapplicantIncome,LoanAmount,Loan_Amount_Term,Credit_History,Property_Area,Loan_Status
0,LP002305,Female,No,0,Graduate,No,4547,0.0,115.0,360.0,1.0,Semiurban,1
1,LP001715,Male,Yes,3+,Not Graduate,Yes,5703,0.0,130.0,360.0,1.0,Rural,1
2,LP002086,Female,Yes,0,Graduate,No,4333,2451.0,110.0,360.0,1.0,Urban,0
3,LP001136,Male,Yes,0,Not Graduate,Yes,4695,0.0,96.0,,1.0,Urban,1
4,LP002529,Male,Yes,2,Graduate,No,6700,1750.0,230.0,300.0,1.0,Semiurban,1
5,LP001603,Male,Yes,0,Not Graduate,Yes,4344,736.0,87.0,360.0,1.0,Semiurban,0
6,LP001273,Male,Yes,0,Graduate,No,6000,2250.0,265.0,360.0,,Semiurban,0
7,LP002706,Male,Yes,1,Not Graduate,No,5285,1430.0,161.0,360.0,0.0,Semiurban,1
8,LP001859,Male,Yes,0,Graduate,No,14683,2100.0,304.0,360.0,1.0,Rural,0
9,LP001228,Male,No,0,Not Graduate,No,3200,2254.0,126.0,180.0,0.0,Urban,0
10,LP001608,Male,Yes,2,Graduate,No,2045,1619.0,101.0,360.0,1.0,Rural,1
11,LP002130,Male,Yes,,Not Graduate,No,3523,3230.0,152.0,360.0,0.0,Rural,0
12,LP001112,Female,Yes,0,Graduate,No,3667,1459.0,144.0,360.0,1.0,Semiurban,1
13,LP001508,Male,Yes,2,Graduate,No,11757,0.0,187.0,180.0,1.0,Urban,1
14,LP001011,Male,Yes,2,Graduate,Yes,5417,4196.0,267.0,360.0,1.0,Urban,1
15,LP002379,Male,No,0,Graduate,No,6500,0.0,105.0,360.0,0.0,Rural,0
16,LP002868,Male,Yes,2,Graduate,No,3159,461.0,108.0,84.0,1.0,Urban,1
17,LP001318,Male,Yes,2,Graduate,No,6250,5654.0,188.0,180.0,1.0,Semiurban,1
18,LP001020,Male,Yes,1,Graduate,No,12841,10968.0,349.0,360.0,1.0,Semiurban,0
19,LP002364,Male,Yes,0,Graduate,No,14880,0.0,96.0,360.0,1.0,Semiurban,1
20,LP002387,Male,Yes,0,Graduate,No,2425,2340.0,143.0,360.0,1.0,Semiurban,1
21,LP002151,Male,Yes,1,Graduate,No,3875,0.0,67.0,360.0,1.0,Urban,0
22,LP001894,Male,Yes,0,Graduate,No,2620,2223.0,150.0,360.0,1.0,Semiurban,1
23,LP001849,Male,No,0,Not Graduate,No,6045,0.0,115.0,360.0,0.0,Rural,0
24,LP001636,Male,Yes,0,Graduate,No,4600,0.0,73.0,180.0,1.0,Semiurban,1
25,LP001776,Female,No,0,Graduate,No,8333,0.0,280.0,360.0,1.0,Semiurban,1
26,LP001250,Male,Yes,3+,Not Graduate,No,4755,0.0,95.0,,0.0,Semiurban,0
27,LP001164,Female,No,0,Graduate,No,4230,0.0,112.0,360.0,1.0,Semiurban,0
28,LP002239,Male,No,0,Not Graduate,No,2346,1600.0,132.0,360.0,1.0,Semiurban,1
29,LP002560,Male,No,0,Not Graduate,No,2699,2785.0,96.0,360.0,,Semiurban,1
30,LP002961,Male,Yes,1,Graduate,No,3400,2500.0,173.0,360.0,1.0,Semiurban,1
31,LP001421,Male,Yes,0,Graduate,No,5568,2142.0,175.0,360.0,1.0,Rural,0
32,LP001824,Male,Yes,1,Graduate,No,2882,1843.0,123.0,480.0,1.0,Semiurban,1
33,LP002493,Male,No,0,Graduate,No,4166,0.0,98.0,360.0,0.0,Semiurban,0
34,LP002357,Female,No,0,Not Graduate,No,2720,0.0,80.0,,0.0,Urban,0
35,LP002877,Male,Yes,1,Graduate,No,1782,2232.0,107.0,360.0,1.0,Rural,1
36,LP001186,Female,Yes,1,Graduate,Yes,11500,0.0,286.0,360.0,0.0,Urban,0
37,LP001275,Male,Yes,1,Graduate,No,3988,0.0,50.0,240.0,1.0,Urban,1
38,LP001052,Male,Yes,1,Graduate,,3717,2925.0,151.0,360.0,,Semiurban,0
39,LP002201,Male,Yes,2,Graduate,Yes,9323,7873.0,380.0,300.0,1.0,Rural,1
40,LP001903,Male,Yes,0,Graduate,No,3993,3274.0,207.0,360.0,1.0,Semiurban,1
41,LP001760,Male,,,Graduate,No,4758,0.0,158.0,480.0,1.0,Semiurban,1
42,LP001931,Female,No,0,Graduate,No,4124,0.0,115.0,360.0,1.0,Semiurban,1
43,LP002602,Male,No,0,Graduate,No,6283,4416.0,209.0,360.0,0.0,Rural,0
44,LP001391,Male,Yes,0,Not Graduate,No,3572,4114.0,152.0,,0.0,Rural,0
45,LP002953,Male,Yes,3+,Graduate,No,5703,0.0,128.0,360.0,1.0,Urban,1
46,LP001233,Male,Yes,1,Graduate,No,10750,0.0,312.0,360.0,1.0,Urban,1
47,LP001977,Male,Yes,1,Graduate,No,1625,1803.0,96.0,360.0,1.0,Urban,1
48,LP001993,Female,No,0,Graduate,No,3762,1666.0,135.0,360.0,1.0,Rural,1
49,LP001758,Male,Yes,2,Graduate,No,6250,1695.0,210.0,360.0,1.0,Semiurban,1
50,LP001751,Male,Yes,0,Graduate,No,3250,0.0,170.0,360.0,1.0,Rural,0
51,LP001871,Female,No,0,Graduate,No,7200,0.0,120.0,360.0,1.0,Rural,1
52,LP001798,Male,Yes,2,Graduate,No,5819,5000.0,120.0,360.0,1.0,Rural,1
53,LP001574,Male,Yes,0,Graduate,No,3707,3166.0,182.0,,1.0,Rural,1
54,LP002723,Male,No,2,Graduate,No,3588,0.0,110.0,360.0,0.0,Rural,0
55,LP002943,Male,No,,Graduate,No,2987,0.0,88.0,360.0,0.0,Semiurban,0
56,LP001005,Male,Yes,0,Graduate,Yes,3000,0.0,66.0,360.0,1.0,Urban,1
57,LP001749,Male,Yes,0,Graduate,No,7578,1010.0,175.0,,1.0,Semiurban,1
58,LP002776,Female,No,0,Graduate,No,5000,0.0,103.0,360.0,0.0,Semiurban,0
59,LP001585,,Yes,3+,Graduate,No,51763,0.0,700.0,300.0,1.0,Urban,1
60,LP002842,Male,Yes,1,Graduate,No,3417,1750.0,186.0,360.0,1.0,Urban,1
61,LP001630,Male,No,0,Not Graduate,No,2333,1451.0,102.0,480.0,0.0,Urban,0
62,LP001003,Male,Yes,1,Graduate,No,4583,1508.0,128.0,360.0,1.0,Rural,0
63,LP002435,Male,Yes,0,Graduate,,3539,1376.0,55.0,360.0,1.0,Rural,0
64,LP002050,Male,Yes,1,Graduate,Yes,10000,0.0,155.0,360.0,1.0,Rural,0
65,LP001888,Female,No,0,Graduate,No,3237,0.0,30.0,360.0,1.0,Urban,1
66,LP001953,Male,Yes,1,Graduate,No,6875,0.0,200.0,360.0,1.0,Semiurban,1
67,LP001255,Male,No,0,Graduate,No,3750,0.0,113.0,480.0,1.0,Urban,0
68,LP002487,Male,Yes,0,Graduate,No,3015,2188.0,153.0,360.0,1.0,Rural,1
69,LP002140,Male,No,0,Graduate,No,8750,4167.0,308.0,360.0,1.0,Rural,0
70,LP002190,Male,Yes,1,Graduate,No,6325,0.0,175.0,360.0,1.0,Semiurban,1
71,LP001535,Male,No,0,Graduate,No,3254,0.0,50.0,360.0,1.0,Urban,1
72,LP001322,Male,No,0,Graduate,No,4133,0.0,122.0,360.0,1.0,Semiurban,1
73,LP002755,Male,Yes,1,Not Graduate,No,2239,2524.0,128.0,360.0,1.0,Urban,1
74,LP002833,Male,Yes,0,Not Graduate,No,4467,0.0,120.0,360.0,,Rural,1
75,LP001097,Male,No,1,Graduate,Yes,4692,0.0,106.0,360.0,1.0,Rural,0
76,LP001580,Male,Yes,2,Graduate,No,8000,0.0,200.0,360.0,1.0,Semiurban,1
77,LP002473,Male,Yes,0,Graduate,No,8334,0.0,160.0,360.0,1.0,Semiurban,0
78,LP001691,Male,Yes,2,Not Graduate,No,3917,0.0,124.0,360.0,1.0,Semiurban,1
79,LP002319,Male,Yes,0,Graduate,,6256,0.0,160.0,360.0,,Urban,1
80,LP001825,Male,Yes,0,Graduate,No,1809,1868.0,90.0,360.0,1.0,Urban,1
81,LP002626,Male,Yes,0,Graduate,Yes,2479,3013.0,188.0,360.0,1.0,Urban,1
82,LP001038,Male,Yes,0,Not Graduate,No,4887,0.0,133.0,360.0,1.0,Rural,0
83,LP002160,Male,Yes,3+,Graduate,No,5167,3167.0,200.0,360.0,1.0,Semiurban,1
84,LP001529,Male,Yes,0,Graduate,Yes,2577,3750.0,152.0,360.0,1.0,Rural,1
85,LP002142,Female,Yes,0,Graduate,Yes,5500,0.0,105.0,360.0,0.0,Rural,0
86,LP002418,Male,No,3+,Not Graduate,No,4707,1993.0,148.0,360.0,1.0,Semiurban,1
87,LP001241,Female,No,0,Graduate,No,4300,0.0,136.0,360.0,0.0,Semiurban,0
88,LP001482,Male,Yes,0,Graduate,Yes,3459,0.0,25.0,120.0,1.0,Semiurban,1
89,LP002740,Male,Yes,3+,Graduate,No,6417,0.0,157.0,180.0,1.0,Rural,1
90,LP002318,Female,No,1,Not Graduate,Yes,3867,0.0,62.0,360.0,1.0,Semiurban,0
91,LP001736,Male,Yes,0,Graduate,No,2221,0.0,60.0,360.0,0.0,Urban,0
92,LP001640,Male,Yes,0,Graduate,Yes,39147,4750.0,120.0,360.0,1.0,Semiurban,1
93,LP002541,Male,Yes,0,Graduate,No,10833,0.0,234.0,360.0,1.0,Semiurban,1
94,LP002931,Male,Yes,2,Graduate,Yes,6000,0.0,205.0,240.0,1.0,Semiurban,0
95,LP002446,Male,Yes,2,Not Graduate,No,2309,1255.0,125.0,360.0,0.0,Rural,0
96,LP001914,Male,Yes,0,Graduate,No,3927,800.0,112.0,360.0,1.0,Semiurban,1
97,LP001310,Male,Yes,0,Graduate,No,5695,4167.0,175.0,360.0,1.0,Semiurban,1
98,LP002519,Male,Yes,3+,Graduate,No,4691,0.0,100.0,360.0,1.0,Semiurban,1
99,LP002555,Male,Yes,2,Graduate,Yes,4583,2083.0,160.0,360.0,1.0,Semiurban,1
100,LP001743,Male,Yes,2,Graduate,No,4009,1717.0,116.0,360.0,1.0,Semiurban,1
101,LP002634,Female,No,1,Graduate,No,13262,0.0,40.0,360.0,1.0,Urban,1
102,LP002804,Female,Yes,0,Graduate,No,4180,2306.0,182.0,360.0,1.0,Semiurban,1
103,LP001225,Male,Yes,0,Graduate,No,5726,4595.0,258.0,360.0,1.0,Semiurban,0
104,LP001682,Male,Yes,3+,Not Graduate,No,3992,0.0,,180.0,1.0,Urban,0
105,LP002544,Male,Yes,1,Not Graduate,No,1958,2436.0,131.0,360.0,1.0,Rural,1
106,LP001543,Male,Yes,1,Graduate,No,9538,0.0,187.0,360.0,1.0,Urban,1
107,LP002768,Male,No,0,Not Graduate,No,3358,0.0,80.0,36.0,1.0,Semiurban,0
108,LP001875,Male,No,0,Graduate,No,4095,3447.0,151.0,360.0,1.0,Rural,1
109,LP001770,Male,No,0,Not Graduate,No,3189,2598.0,120.0,,1.0,Rural,1
110,LP002979,Male,Yes,3+,Graduate,No,4106,0.0,40.0,180.0,1.0,Rural,1
111,LP001606,Male,Yes,0,Graduate,No,3497,1964.0,116.0,360.0,1.0,Rural,1
112,LP001872,Male,No,0,Graduate,Yes,5166,0.0,128.0,360.0,1.0,Semiurban,1
113,LP001594,Male,Yes,0,Graduate,No,5708,5625.0,187.0,360.0,1.0,Semiurban,1
114,LP001144,Male,Yes,0,Graduate,No,5821,0.0,144.0,360.0,1.0,Urban,1
115,LP002600,Male,Yes,1,Graduate,Yes,2895,0.0,95.0,360.0,1.0,Semiurban,1
116,LP001034,Male,No,1,Not Graduate,No,3596,0.0,100.0,240.0,,Urban,1
117,LP001572,Male,Yes,0,Graduate,No,9323,0.0,75.0,180.0,1.0,Urban,1
118,LP002795,Male,Yes,3+,Graduate,Yes,10139,0.0,260.0,360.0,1.0,Semiurban,1
119,LP001091,Male,Yes,1,Graduate,,4166,3369.0,201.0,360.0,,Urban,0
120,LP002494,Male,No,0,Graduate,No,6000,0.0,140.0,360.0,1.0,Rural,1
121,LP002403,Male,No,0,Graduate,Yes,10416,0.0,187.0,360.0,0.0,Urban,0
122,LP002266,Male,Yes,2,Graduate,No,3100,1400.0,113.0,360.0,1.0,Urban,1
123,LP002459,Male,Yes,0,Graduate,No,4301,0.0,118.0,360.0,1.0,Urban,1
124,LP001541,Male,Yes,1,Graduate,No,6000,0.0,160.0,360.0,,Rural,1
125,LP002625,,No,0,Graduate,No,3583,0.0,96.0,360.0,1.0,Urban,0
126,LP002588,Male,Yes,0,Graduate,No,4625,2857.0,111.0,12.0,,Urban,1
127,LP001426,Male,Yes,,Graduate,No,5667,2667.0,180.0,360.0,1.0,Rural,1
128,LP002648,Male,Yes,0,Graduate,No,2130,6666.0,70.0,180.0,1.0,Semiurban,0
129,LP001095,Male,No,0,Graduate,No,3167,0.0,74.0,360.0,1.0,Urban,0
130,LP001068,Male,Yes,0,Graduate,No,2799,2253.0,122.0,360.0,1.0,Semiurban,1
131,LP002534,Female,No,0,Not Graduate,No,4350,0.0,154.0,360.0,1.0,Rural,1
132,LP002732,Male,No,0,Not Graduate,,2550,2042.0,126.0,360.0,1.0,Rural,1
133,LP002872,,Yes,0,Graduate,No,3087,2210.0,136.0,360.0,0.0,Semiurban,0
134,LP001841,Male,No,0,Not Graduate,Yes,2583,2167.0,104.0,360.0,1.0,Rural,1
135,LP002255,Male,No,3+,Graduate,No,9167,0.0,185.0,360.0,1.0,Rural,1
136,LP002945,Male,Yes,0,Graduate,Yes,9963,0.0,180.0,360.0,1.0,Rural,1
137,LP001610,Male,Yes,3+,Graduate,No,5516,11300.0,495.0,360.0,0.0,Semiurban,0
138,LP001243,Male,Yes,0,Graduate,No,3208,3066.0,172.0,360.0,1.0,Urban,1
139,LP001947,Male,Yes,0,Graduate,No,2383,3334.0,172.0,360.0,1.0,Semiurban,1
140,LP002036,Male,Yes,0,Graduate,No,2058,2134.0,88.0,360.0,,Urban,1
141,LP002739,Male,Yes,0,Not Graduate,No,2917,536.0,66.0,360.0,1.0,Rural,0
142,LP001473,Male,No,0,Graduate,No,2014,1929.0,74.0,360.0,1.0,Urban,1
143,LP002841,Male,Yes,0,Graduate,No,3166,2064.0,104.0,360.0,0.0,Urban,0
144,LP002743,Female,No,0,Graduate,No,2138,0.0,99.0,360.0,0.0,Semiurban,0
145,LP001784,Male,Yes,1,Graduate,No,5500,1260.0,170.0,360.0,1.0,Rural,1
146,LP001002,Male,No,0,Graduate,No,5849,0.0,,360.0,1.0,Urban,1
147,LP002225,Male,Yes,2,Graduate,No,5391,0.0,130.0,360.0,1.0,Urban,1
148,LP002562,Male,Yes,1,Not Graduate,No,5333,1131.0,186.0,360.0,,Urban,1
149,LP002894,Female,Yes,0,Graduate,No,3166,0.0,36.0,360.0,1.0,Semiurban,1
150,LP002536,Male,Yes,3+,Not Graduate,No,3095,0.0,113.0,360.0,1.0,Rural,1
151,LP001702,Male,No,0,Graduate,No,3418,0.0,127.0,360.0,1.0,Semiurban,0
152,LP002836,Male,No,0,Graduate,No,3333,0.0,70.0,360.0,1.0,Urban,1
153,LP002917,Female,No,0,Not Graduate,No,2165,0.0,70.0,360.0,1.0,Semiurban,1
154,LP002990,Female,No,0,Graduate,Yes,4583,0.0,133.0,360.0,0.0,Semiurban,0
155,LP001807,Male,Yes,2,Graduate,Yes,6250,1300.0,108.0,360.0,1.0,Rural,1
156,LP002738,Male,No,2,Graduate,No,3617,0.0,107.0,360.0,1.0,Semiurban,1
157,LP001213,Male,Yes,1,Graduate,No,4945,0.0,,360.0,0.0,Rural,0
158,LP002813,Female,Yes,1,Graduate,Yes,19484,0.0,600.0,360.0,1.0,Semiurban,1
159,LP001138,Male,Yes,1,Graduate,No,5649,0.0,44.0,360.0,1.0,Urban,1
160,LP001367,Male,Yes,1,Graduate,No,3052,1030.0,100.0,360.0,1.0,Urban,1
161,LP002531,Male,Yes,1,Graduate,Yes,16667,2250.0,86.0,360.0,1.0,Semiurban,1
162,LP002697,Male,No,0,Graduate,No,4680,2087.0,,360.0,1.0,Semiurban,0
163,LP001263,Male,Yes,3+,Graduate,No,3167,4000.0,180.0,300.0,0.0,Semiurban,0
164,LP002209,Female,No,0,Graduate,,2764,1459.0,110.0,360.0,1.0,Urban,1
165,LP001319,Male,Yes,2,Not Graduate,No,3273,1820.0,81.0,360.0,1.0,Urban,1
166,LP001788,Female,No,0,Graduate,Yes,3463,0.0,122.0,360.0,,Urban,1
167,LP002772,Male,No,0,Graduate,No,2526,1783.0,145.0,360.0,1.0,Rural,1
168,LP002366,Male,Yes,0,Graduate,No,2666,4300.0,121.0,360.0,1.0,Rural,1
169,LP001924,Male,No,0,Graduate,No,3158,3053.0,89.0,360.0,1.0,Rural,1
170,LP001100,Male,No,3+,Graduate,No,12500,3000.0,320.0,360.0,1.0,Rural,0
171,LP001884,Female,No,1,Graduate,No,2876,1560.0,90.0,360.0,1.0,Urban,1
172,LP002524,Male,No,2,Graduate,No,5532,4648.0,162.0,360.0,1.0,Rural,1
173,LP002229,Male,No,0,Graduate,No,5941,4232.0,296.0,360.0,1.0,Semiurban,1
174,LP002004,Male,No,0,Not Graduate,No,2927,2405.0,111.0,360.0,1.0,Semiurban,1
175,LP002137,Male,Yes,0,Graduate,No,6333,4583.0,259.0,360.0,,Semiurban,1
176,LP001778,Male,Yes,1,Graduate,No,3155,1779.0,140.0,360.0,1.0,Semiurban,1
177,LP001073,Male,Yes,2,Not Graduate,No,4226,1040.0,110.0,360.0,1.0,Urban,1
178,LP001907,Male,Yes,0,Graduate,No,14583,0.0,436.0,360.0,1.0,Semiurban,1
179,LP001716,Male,Yes,0,Graduate,No,3173,3021.0,137.0,360.0,1.0,Urban,1
180,LP002537,Male,Yes,0,Graduate,No,2083,3150.0,128.0,360.0,1.0,Semiurban,1
181,LP001430,Female,No,0,Graduate,No,4166,0.0,44.0,360.0,1.0,Semiurban,1
182,LP001013,Male,Yes,0,Not Graduate,No,2333,1516.0,95.0,360.0,1.0,Urban,1
183,LP001978,Male,No,0,Graduate,No,4000,2500.0,140.0,360.0,1.0,Rural,1
184,LP002429,Male,Yes,1,Graduate,Yes,3466,1210.0,130.0,360.0,1.0,Rural,1
185,LP002188,Male,No,0,Graduate,No,5124,0.0,124.0,,0.0,Rural,0
186,LP002006,Female,No,0,Graduate,No,2507,0.0,56.0,360.0,1.0,Rural,1
187,LP002983,Male,Yes,1,Graduate,No,8072,240.0,253.0,360.0,1.0,Urban,1
188,LP002586,Female,Yes,1,Graduate,No,3326,913.0,105.0,84.0,1.0,Semiurban,1
189,LP001405,Male,Yes,1,Graduate,No,2214,1398.0,85.0,360.0,,Urban,1
190,LP002659,Male,Yes,3+,Graduate,No,3466,3428.0,150.0,360.0,1.0,Rural,1
191,LP001883,Female,No,0,Graduate,,3418,0.0,135.0,360.0,1.0,Rural,0
192,LP001698,Male,No,0,Not Graduate,No,3975,2531.0,55.0,360.0,1.0,Rural,1
193,LP002855,Male,Yes,2,Graduate,No,16666,0.0,275.0,360.0,1.0,Urban,1
194,LP001996,Male,No,0,Graduate,No,20233,0.0,480.0,360.0,1.0,Rural,0
195,LP002263,Male,Yes,0,Graduate,No,2583,2115.0,120.0,360.0,,Urban,1
196,LP001404,Female,Yes,0,Graduate,No,3167,2283.0,154.0,360.0,1.0,Semiurban,1
197,LP001155,Female,Yes,0,Not Graduate,No,1928,1644.0,100.0,360.0,1.0,Semiurban,1
198,LP001493,Male,Yes,2,Not Graduate,No,4200,1430.0,129.0,360.0,1.0,Rural,0
199,LP002112,Male,Yes,2,Graduate,Yes,2500,4600.0,176.0,360.0,1.0,Rural,1
200,LP002489,Female,No,1,Not Graduate,,5191,0.0,132.0,360.0,1.0,Semiurban,1
201,LP002950,Male,Yes,0,Not Graduate,,2894,2792.0,155.0,360.0,1.0,Rural,1
202,LP001870,Female,No,1,Graduate,No,3481,0.0,155.0,36.0,1.0,Semiurban,0
203,LP002689,Male,Yes,2,Not Graduate,No,2192,1742.0,45.0,360.0,1.0,Semiurban,1
204,LP002082,Male,Yes,0,Graduate,Yes,5818,2160.0,184.0,360.0,1.0,Semiurban,1
205,LP001768,Male,Yes,0,Graduate,,3716,0.0,42.0,180.0,1.0,Rural,1
206,LP001222,Female,No,0,Graduate,No,4166,0.0,116.0,360.0,0.0,Semiurban,0
207,LP001734,Female,Yes,2,Graduate,No,4283,2383.0,127.0,360.0,,Semiurban,1
208,LP001761,Male,No,0,Graduate,Yes,6400,0.0,200.0,360.0,1.0,Rural,1
209,LP002181,Male,No,0,Not Graduate,No,6216,0.0,133.0,360.0,1.0,Rural,0
210,LP002409,Male,Yes,0,Graduate,No,7901,1833.0,180.0,360.0,1.0,Rural,1
211,LP002517,Male,Yes,1,Not Graduate,No,2653,1500.0,113.0,180.0,0.0,Rural,0
212,LP001024,Male,Yes,2,Graduate,No,3200,700.0,70.0,360.0,1.0,Urban,1
213,LP001120,Male,No,0,Graduate,No,1800,1213.0,47.0,360.0,1.0,Urban,1
214,LP001532,Male,Yes,2,Not Graduate,No,2281,0.0,113.0,360.0,1.0,Rural,0
215,LP001877,Male,Yes,2,Graduate,No,4708,1387.0,150.0,360.0,1.0,Semiurban,1
216,LP001693,Female,No,0,Graduate,No,3244,0.0,80.0,360.0,1.0,Urban,1
217,LP001882,Male,Yes,3+,Graduate,No,4333,1811.0,160.0,360.0,0.0,Urban,1
218,LP002684,Female,No,0,Not Graduate,No,3400,0.0,95.0,360.0,1.0,Rural,0
219,LP002139,Male,Yes,0,Graduate,No,9083,0.0,228.0,360.0,1.0,Semiurban,1
220,LP002367,Female,No,1,Not Graduate,No,4606,0.0,81.0,360.0,1.0,Rural,0
221,LP002606,Female,No,0,Graduate,No,3159,0.0,100.0,360.0,1.0,Semiurban,1
222,LP001489,Female,Yes,0,Graduate,No,4583,0.0,84.0,360.0,1.0,Rural,0
223,LP001256,Male,No,0,Graduate,No,3750,4750.0,176.0,360.0,1.0,Urban,0
224,LP001955,Female,No,0,Graduate,No,5000,2541.0,151.0,480.0,1.0,Rural,0
225,LP001066,Male,Yes,0,Graduate,Yes,9560,0.0,191.0,360.0,1.0,Semiurban,1
226,LP001398,Male,No,0,Graduate,,5050,0.0,118.0,360.0,1.0,Semiurban,1
227,LP001792,Male,Yes,1,Graduate,No,3315,0.0,96.0,360.0,1.0,Semiurban,1
228,LP002129,Male,Yes,0,Graduate,No,2499,2458.0,160.0,360.0,1.0,Semiurban,1
229,LP002753,Female,No,1,Graduate,,3652,0.0,95.0,360.0,1.0,Semiurban,1
230,LP001673,Male,No,0,Graduate,Yes,11000,0.0,83.0,360.0,1.0,Urban,0
231,LP001708,Female,No,0,Graduate,No,10000,0.0,214.0,360.0,1.0,Semiurban,0
232,LP002377,Female,No,1,Graduate,Yes,8624,0.0,150.0,360.0,1.0,Semiurban,1
233,LP002116,Female,No,0,Graduate,No,2378,0.0,46.0,360.0,1.0,Rural,0
234,LP002244,Male,Yes,0,Graduate,No,2333,2417.0,136.0,360.0,1.0,Urban,1
235,LP001157,Female,No,0,Graduate,No,3086,0.0,120.0,360.0,1.0,Semiurban,1
236,LP001279,Male,No,0,Graduate,No,2366,2531.0,136.0,360.0,1.0,Semiurban,1
237,LP002223,Male,Yes,0,Graduate,No,4310,0.0,130.0,360.0,,Semiurban,1
238,LP001497,Male,Yes,2,Graduate,No,5042,2083.0,185.0,360.0,1.0,Rural,0
239,LP002792,Male,Yes,1,Graduate,No,5468,1032.0,26.0,360.0,1.0,Semiurban,1
240,LP002547,Male,Yes,1,Graduate,No,18333,0.0,500.0,360.0,1.0,Urban,0
241,LP001349,Male,No,0,Graduate,No,4843,3806.0,151.0,360.0,1.0,Semiurban,1
242,LP001896,Male,Yes,2,Graduate,No,3900,0.0,90.0,360.0,1.0,Semiurban,1
243,LP002478,,Yes,0,Graduate,Yes,2083,4083.0,160.0,360.0,,Semiurban,1
244,LP001864,Male,Yes,3+,Not Graduate,No,4931,0.0,128.0,360.0,,Semiurban,0
245,LP001577,Female,Yes,0,Graduate,No,4583,0.0,112.0,360.0,1.0,Rural,0
246,LP002693,Male,Yes,2,Graduate,Yes,7948,7166.0,480.0,360.0,1.0,Rural,1
247,LP001900,Male,Yes,1,Graduate,No,2750,1842.0,115.0,360.0,1.0,Semiurban,1
248,LP002533,Male,Yes,2,Graduate,No,2947,1603.0,,360.0,1.0,Urban,0
249,LP002300,Female,No,0,Not Graduate,No,1963,0.0,53.0,360.0,1.0,Semiurban,1
250,LP001688,Male,Yes,1,Not Graduate,No,3500,1083.0,135.0,360.0,1.0,Urban,1
251,LP002178,Male,Yes,0,Graduate,No,3013,3033.0,95.0,300.0,,Urban,1
252,LP001666,Male,No,0,Graduate,No,8333,3750.0,187.0,360.0,1.0,Rural,1
253,LP002928,Male,Yes,0,Graduate,No,3000,3416.0,56.0,180.0,1.0,Semiurban,1
254,LP001643,Male,Yes,0,Graduate,No,2383,2138.0,58.0,360.0,,Rural,1
255,LP001469,Male,No,0,Graduate,Yes,20166,0.0,650.0,480.0,,Urban,1
256,LP001560,Male,Yes,0,Not Graduate,No,1863,1041.0,98.0,360.0,1.0,Semiurban,1
257,LP001387,Female,Yes,0,Graduate,,2929,2333.0,139.0,360.0,1.0,Semiurban,1
258,LP001086,Male,No,0,Not Graduate,No,1442,0.0,35.0,360.0,1.0,Urban,0
259,LP001014,Male,Yes,3+,Graduate,No,3036,2504.0,158.0,360.0,0.0,Semiurban,0
260,LP002332,Male,Yes,0,Not Graduate,No,2253,2033.0,110.0,360.0,1.0,Rural,1
261,LP002624,Male,Yes,0,Graduate,No,20833,6667.0,480.0,360.0,,Urban,1
262,LP002643,Male,Yes,2,Graduate,No,3283,2035.0,148.0,360.0,1.0,Urban,1
263,LP002453,Male,No,0,Graduate,Yes,7085,0.0,84.0,360.0,1.0,Semiurban,1
264,LP002615,Male,Yes,2,Graduate,No,4865,5624.0,208.0,360.0,1.0,Semiurban,1
265,LP001385,Male,No,0,Graduate,No,5316,0.0,136.0,360.0,1.0,Urban,1
266,LP001197,Male,Yes,0,Graduate,No,3366,2200.0,135.0,360.0,1.0,Rural,0
267,LP002231,Female,No,0,Graduate,No,6000,0.0,156.0,360.0,1.0,Urban,1
268,LP001657,Male,Yes,0,Not Graduate,No,6033,0.0,160.0,360.0,1.0,Urban,0
269,LP002444,Male,No,1,Not Graduate,Yes,2769,1542.0,190.0,360.0,,Semiurban,0
270,LP001041,Male,Yes,0,Graduate,,2600,3500.0,115.0,,1.0,Urban,1
271,LP001334,Male,Yes,0,Not Graduate,No,4188,0.0,115.0,180.0,1.0,Semiurban,1
272,LP002874,Male,No,0,Graduate,No,3229,2739.0,110.0,360.0,1.0,Urban,1
273,LP001726,Male,Yes,0,Graduate,No,3727,1775.0,131.0,360.0,1.0,Semiurban,1
274,LP002455,Male,Yes,2,Graduate,No,3859,0.0,96.0,360.0,1.0,Semiurban,1
275,LP002126,Male,Yes,3+,